Manufacturer,Position,Part Code (MPN),Part Description
Sanremo,1a,10015616A,PORTATAZZE ROMA 2GR CUP GRATE 2GR
Sanremo,1b,10015680,PORTATAZZE ROMA 3GR CUP GRATE 3GR
Sanremo,2,10805027,TBL- M4x10 A2 POLIERS SCREW TBL- M4x10 A2 POLIERS
Sanremo,3,10955013,TRIANG. SUPERF. CALDA HOT SURFACE STICKER
Sanremo,4a,10015608B,SUP. ROMA 2GR X RESIST. D6  2GR UPPER TANK FOR RESISTENCE D6
Sanremo,4b,10015676,SUP. ROMA 3GR X RESIST. D6  3GR UPPER TANK FOR RESISTENCE D6
Sanremo,5a,10352136A,SX PLEX NERO C/SMUSSO RM PLEXIGLASS LEFT PANEL BLACK 
Sanremo,5b,10352152,SX WENGHE C/SMUSSO RM WENGHE LEFT PANEL 
Sanremo,6,10352122,SUP.DX PLEX TRASP.ROMA PLEXIGLASS UPPER  RIGHT  PANEL TRANSPARENT
Sanremo,7,10352114,SUP.DX PLEX BIANCO ROMA PLEXIGLASS UPPER  RIGHT  PANEL WHITE 
Sanremo,8,10352120,SUP.SX PLEX TRASP.ROMA PLEXIGLASS UPPER  LEFT PANEL TRANSPARENT
Sanremo,9,10805026,TSPEI M4X10 A2 SCREW TSPEI M4X10 A2
Sanremo,10,10352112,SUP.SX PLEX BIANCO ROMA PLEXIGLASS UPPER LIGHT PANEL WHITE 
Sanremo,11,10805029,TBL- M4X35 A2 POLIERS SCREW TBL- M4X35 A2 POLIERS
Sanremo,12a,10092100A,SUP.RM 2GR VER.BIANCO UPPER SHELL WHITE 2GR
Sanremo,12b,10093100,SUP.RM 3GR VER.BIANCO UPPER SHELL WHITE 3GR
Sanremo,13a,10015648B,DI SCAR.ROMA 2GR LUCIDO POLISHED DRAIN PLATE 2GR
Sanremo,13b,10015674,DI SCAR.ROMA 3GR LUCIDO POLISHED DRAIN PLATE 3GR
Sanremo,14a,10015620,PROT.CENTR.ROMA 2GR CENTRAL PROTECTION BRACKET 2GR
Sanremo,14b,10015682,PROT.CENTR.ROMA 3GR CENTRAL PROTECTION BRACKET 3GR
Sanremo,15,10955070A,COMMUTATORE SWITCH LABEL
Sanremo,16a,10955020,"SANREMO 101X16,5 ROMA 2 SANREMO LABEL 101X16,5 2GR"
Sanremo,16b,10955050,SANREMO 148X24 ROMA 3 SANREMO LABEL 148X24 3GR
Sanremo,17a,10092120A,INF.RM 2GR VER.BIANCO LOWER SHELL WHITE 2GR
Sanremo,17b,10093120,INF.RM 3GR VER.BIANCO LOWER SHELL WHITE 3GR
Sanremo,18,10955114,LOGO ROMA ROMA LABELROMA
Sanremo,Spare,parts,Ed. 07/20098
Sanremo,19,10753056,ANTISCOT. PER LANCIA TSS TSS STEAM TAP ANTI-BURN RUBBER
Sanremo,20,10858576,ESPULSORE PLEX ROMA PLEXIGLASS ESPULSION PIN
Sanremo,21,10505040,D4X680MM PLEX INF.DX SEAL D4X680MM
Sanremo,22,10352126,INF.DX PLEX TRASP.ROMA PLEXIGLASS LOWER  RIGHT PANEL TRANSPARENT
Sanremo,23,10352118,INF.DX PLEX BIANCO ROMA PLEXIGLASS LOWER  RIGHT PANEL WHITE 
Sanremo,24a,10015634D,SCOLO PROT.FRONT. ROMA 2GR DRAIN FRONT PANEL BRACKET 2GR
Sanremo,24b,10015686,SCOLO PROT.FRONT. ROMA 3GR DRAIN FRONT PANEL BRACKET 3GR
Sanremo,25,10015654,ROMA C/SCARICO EV. SOLENOID VALVE COLVER WHIT DRAIN 
Sanremo,26,10352065,D.50XH55MM 10MA INOX INOX FOOT  D.50XH55MM 10MA 
Sanremo,27,10022474,SCARICO UNIVERSALE UNIVERSAL DRAIN TRAY
Sanremo,28,10852460,SCARICO DRAIN TUBE
Sanremo,29,10955025A,ADES.SIMBOLO TERRA GROUND STICKER
Sanremo,30a,10352128B,DX PLEX NERO C/SMUSSO RM PLEXIGLASS RIGHT PANEL BLACK 
Sanremo,30b,10352150,DX WENGHE C/SMUSSO RM WENGHE RIGHT PANEL 
Sanremo,31,10022476,VASCHETTA SCARICO DRAIN TRAY COVER
Sanremo,32,10012144,PER VASCHETTA SCARICO JET BREAKER FOR DRAIN TRAY
Sanremo,33,10806099,INOX STRINGITUBO INOX HOSE CLAMP
Sanremo,34,10015611,SUPP.FIANCO DX SP.8 ROMA RIGHT SIDE SUPPORT PANEL 
Sanremo,35,10405540,A SFERA E MOLLA BALL SPRING PLUNGERS
Sanremo,36,10355032,CHIUSURA METALLICA MASCHIO METALLIC CLOSED STAKE 
Sanremo,37,10355034,METALLICA FEMMINA METALLIC CLOSED 
Sanremo,38a,10092110A,POST. INF. RM 2GR BIANCO REAR LOWER FRONT 2GR WHITE
Sanremo,38b,10093110,POST. INF. RM 3GR BIANCO REAR LOWER FRONT 3GR WHITE
Sanremo,39a,10015636,SUPP. SCHIENA ROMA 2GR BACK SUPPORT BRACKET 2GR
Sanremo,39b,10015688,SUPP. SCHIENA ROMA 3GR BACK SUPPORT BRACKET 3GR
Sanremo,40a,10015614,SUPP.SCHIENA SP.8 RM 2GR BACK SUPPORT PANEL 2GR
Sanremo,40b,10015678,SUPP.SCHIENA SP.8 RM 3GR BACK SUPPORT PANEL 3GRROMA
Sanremo,Spare,parts,Ed. 07/20099
Sanremo,41a,10352130A,POST PLEX NERO ROMA 2GR PLEXIGLASS REAR PANEL 2GR BLACK
Sanremo,41b,10352138,POST PLEX NERO ROMA 3GR PLEXIGLASS REAR PANEL 3GR BLACK
Sanremo,41c,10352154,POST WENGHE ROMA 2GR WENGHE REAR PANEL 2GR
Sanremo,41d,10352156,POST WENGHE ROMA 3GR WENGHE REAR PANEL 3GR
Sanremo,42a,10352108,SUP.ROMA 2GR NERO UPPER BLACK CUP SUPPORT 2GR
Sanremo,42b,10352110,SUP.ROMA 3GR NERO UPPER BLACK CUP SUPPORT 3GR
Sanremo,43a,10015602D,ROMA 2GR VERN.BIANCO WHITE FRAME 2GR
Sanremo,43b,10015672,ROMA 3GR VERN.BIANCO WHITE FRAME 3GR
Sanremo,44,10015610,SUPP.FIANCO SX SP.8 ROMA LEFT  SIDE SUPPORT PANEL 
Sanremo,45,10015650A,SUPP. DISPLAY ROMA DISPLAY SUPPORT BREAKER
Sanremo,46a,10015640A,PROT. FORI E61 ROMA 2GR PROTECTION PLATE 2GR
Sanremo,46b,10015692,PROT. FORI E61 ROMA 3GR PROTECTION PLATE 3GR
Sanremo,47a,10015632B,SUPP. PULSANTIERE ROMA 2GR PUSH BUTTON BREAKER 2GR
Sanremo,47b,10015684,SUPP. PULSANTIERE ROMA 3GR PUSH BUTTON BREAKER 3GR
Sanremo,48,10352116,INF.SX PLEX BIANCO ROMA WHITE PLEXIGLASS LOWER LEFT PANEL 
Sanremo,49,10352124,INF.SX PLEX TRASP.ROMA TRANSPARENT  PLEXIGLASS LOWER LEFT PANEL 
Sanremo,50,10505042,D4X920MM PLEX INF.SX SEAL D4X920MM
Sanremo,51a,10015638C,ROMA 2GR SCALDAT. CUP WORMER PROTECTION FRONT 2GR
Sanremo,51b,10015690,ROMA 3GR SCALDAT. CUP WORMER PROTECTION FRONT 3GR
Sanremo,52a,10022716,SCARICO ROMA 2GR FILINOX FILINOX DRAIN GRID 2GR
Sanremo,52b,10015694,SCARICO ROMA 3GR FILINOX FILINOX DRAIN GRID 3GR
Sanremo,53,10505558,RUBINETTO SILICONE SILICON TAP SEAL 
Sanremo,54,10402061,CENTRALE RUBINETTO CENTAL  TAP ROD
Sanremo,55,10402014,ASTA RUBINETTO TAP  ROD SPRING
Sanremo,56,10402015,ASTA RUBINETTO TAP ROD BUSHING
Sanremo,57,10505121,ASTA RUBINETTO TAP ROD O-RING
Sanremo,58,10505561,RAME RUB.ACQ/VAP COPPER  WATER/STEAM TAP BUSHING
Sanremo,Spare,parts,Ed. 07/200910
Sanremo,59,10402120A,RUBINETTO COMPL. COMPLETE TAP BODY
Sanremo,60,10852926A,ESAG.VAPORIZZ. EXAGONAL EXTENSION
Sanremo,61,10402056A,2062 VITON NERO BLACK VITON O-RING 2062
Sanremo,62,10402043,SNODO RUBINETTO TAP JUNCTION SPRING
Sanremo,63,10402054,SNODO RUBINETTO TAP JUNCTION SPHERICAL WASHER 
Sanremo,64a,10401998,H2O COMPL.RM 230V COMPLETE WATER TAP  230V
Sanremo,64b,10402000,H2O COMPL.RM 120V COMPLETE WATER TAP  120V
Sanremo,65,10402063A,115 EPDM SNODO RUBINETTO EPDM TAP JUNCTION O-RING 115
Sanremo,66,10402022B,SNODO RUB.OTT.NI.D.22 TAP JUNCTION NUT D22
Sanremo,67,10022140,EROGATORE ACQUA WATER DISPENSER TUBE
Sanremo,68,10502041,2025 EPDM EPDM 2025 O-RING
Sanremo,69,10402140,EROGAZIONE ACQUA WATER DISTRIBUTION SHOWER
Sanremo,70,10859029,"1/8""M 3/8""M CROMATO CROMATE RIDUCTION  1/8""M 3/8""M"
Sanremo,71,10852210,1/8 RACCORDO L F.M. 2020 ANGLE JOINT 1/8
Sanremo,72,10852741,"1/8""M 1/8""F L.36mm 2025 ANGLE JOINT 1/8M 1/8F L36mm"
Sanremo,73a,10303060,"2VIE 1/8"" 120V 2 WAY SOLENOID 1/8"" 120V"
Sanremo,73b,10303086,"2VIE 1/8"" 230V 3 WAY SOLENOID 1/8"" 230V"
Sanremo,74,10852066A,"8-1/8""M 1020 ANGLE JOINT  8-1/8m "
Sanremo,75,10805074,TE M4X8 ZN SCREW TE M4X8 ZN
Sanremo,76,10803519,"D4,2 DENT.ZN TOOTHED WASHER D4,2 ZN"
Sanremo,77,10402082,SNODO LANCIA MLX STEAM WAND JUNCTION O-RING
Sanremo,78,10402282,LANCIA VAPORE MLX STEAM WAND NUT 
Sanremo,79,10402288,A SFERA INOX LANCIA INOX STEAM WAND SPHERICAL JUNCTION
Sanremo,80,10402081,188 EPDM EPDM 188 O-RING
Sanremo,81,10402274,VAP.BRILL.INOX LANCIA INOX STEAM  WAND  TUBE
Sanremo,82,10753052,ANTISC.TUBO VAPORE STEAM TUBE ANTI-BURN RUBBER 
Sanremo,83,10402279,LANCIA VAP. STEAM WAND TIP
Sanremo,Spare,parts,Ed. 07/200911
Sanremo,84,10402284,VAPORE COMPL.ROMA COMPLETE STEAM WAND
Sanremo,85,10052137A,CHIUSURA GIGLEUR GR.E61 GIGLEUR CLOUSURE CAP
Sanremo,86,10502105A,FUNGO SUP.GR.E61 SUPERIOR  MASHROOM  SEAL 
Sanremo,87,10052136,GRUPPO E-61/ANELLO GROUP FILTER 
Sanremo,88,10052135,"GRUPPI FORO D.0,8 GROUP GIGLEUR HOLE  D0,8"
Sanremo,89,10052133A,SUPERIORE GRUPPO E-61 GROUP SUPERIOR MASHROOM
Sanremo,90,10502090A,LAT.FUNGO GR.E61 LATERAL MASHROOM SEAL 
Sanremo,91,10502100,FUNGO GRUPPO IN.E61 GROUP MASHROOM SEAL 
Sanremo,92,10052132A,LATERALE GRUPPO E-61 LATERAL MASHROOM
Sanremo,93,10052134,GRUPPO E 61 GROUP PIN 
Sanremo,94,10052130,EROG.SAN REMO E61 DISTRIBUTION GROUP
Sanremo,95a,10302066,3VIE BAS.32X32 230V 3 WAY SOLENOID 32X32 230V
Sanremo,95b,10305555,3VIE BAS.32X32 120V 4 WAY SOLENOID 32X32 120V
Sanremo,96,10052120,A RETE GRUPPO E61 GROUP GRID SHOWER 
Sanremo,97,10502110,"SOTTOC. H8,2mm GRUPPO E61 GROUP HEAD  SEAL H8,2mm "
Sanremo,98,10805071,TCEI M4X10 A2 SCREW TCEI M4X10 A2
Sanremo,99,10052141,GRUPPO E61 GROUP DIFFUSER
Sanremo,100,10852075,"8-1/4""F 1093 JOINT 8-1/4""F"
Sanremo,101,10056032,MASSELLO CARICO ROMA BAS.32X32 CHARGING VALVE UNIT 
Sanremo,102,10303093A,2VIE BAS 32X32 230V 2 WAY SOLENOID 32X32 230V
Sanremo,103,10805071,TCEI M4X10 A2 SCREW TCEI M4X10 A2
Sanremo,104,10056096,MASSELLO CAR. 230V ROMA EV.32X32 CHARGING VALVE UNIT ASSEMBLY
Sanremo,105,10806312,D21 DENT. INT. ZN TOOTHED WASHER D21
Sanremo,106,10806370B,RUB.D2X10 VAP. STEAM TAP FORELOCK D2X10
Sanremo,107,10402028,"DADO 1/2"" RIALZATO CROMATO MIDDLE NUT 1/2"
Sanremo,108,10092164,VAPORE ROMA STEAM KNOB
Sanremo,109,10402040,OTT. RUBINETTO TAP WASHER
Sanremo,Spare,parts,Ed. 07/200912
Sanremo,110,10092162,MANOPOLA VAP.ROMA STEAM KNOB CAP
Sanremo,111,10852470,TRAZ.1/4 TD8-TD8 L.450 TRACTION TUBE 1/4 TD8-TD8 L.450
Sanremo,112,10502130,BLOCC. GRUPPO E61 GROUP SEAL 
Sanremo,113,10802500,M8 MEDIO ZN MIDDLE NUT M8
Sanremo,114,10803538,"D8,2 DENT.ZN TOOTHED WASHER D8,2"
Sanremo,115,10302505,OTT. SCARICO ELETR. 3VIE GR E61 3 WAYSOLENOID  DRAIN FITING 
Sanremo,116,10402310,1 TAZZA 1 CUP FILTER HOLDER ASSEMBLY 
Sanremo,117a,10052212,E61 120V S/RACC. GROUP ASSEMBLY 120V WHITOUT FITTINGS
Sanremo,117b,10052214,E61 230V S/RACC. GROUP ASSEMBLY 230V WHITOUT FITTINGS
Sanremo,118,10402312,2 TAZZE 2 CUP FILTER HOLDER ASSEMBLY 
Sanremo,119,10052110,2 TAZZE 2 CUP FILTER
Sanremo,120,10091152,MANICO PORTAF.VR-RM FILTER HOLDER SLEEVE CAP
Sanremo,121,10091150,PORTAF.VR-RM NERO BLACK FILTER HOLDER  SLEEVE
Sanremo,122,10091154,MANICO PORTAF.VR NERO BLACK FILTER HOLDER  SLEEVE RING
Sanremo,123a,10052100,1 TAZZA 8F146 1 CUP FILTER
Sanremo,123b,10052101,1 TAZZA DA 6GR 1 CUP FILTER 6GR
Sanremo,124,10052085,2 VIE APERTO OPEN 2 WAY COFFEE SPOUT
Sanremo,125,10052075,1 VIA APERTO OPEN 1 WAY COFFEE SPOUT
Sanremo,126,10052034,PORTAFILTRO INCLINATO INCLINED FILTER HOLDER BODY
Sanremo,127,10052050,FERMA FILTRO FILTER-STOP SPRING
Sanremo,128,10052220,CIECO BLIND FILTER
Sanremo,129,10852028A,"6-6-1/8""M 1010 JOINT 6-6-1/8""M"
Sanremo,130,10852080A,"6-1/8""M 1050 JOINT 6-1/8""M"
Sanremo,131,10402083,RUB.SCARICO 6310 DRAIN TAP
Sanremo,132,10852030A,"6-1/8""M 1020 JOINT 1-1/8""M"
Sanremo,133,10112134,"VOLUM.1/8"" VOLUMETRIC  WATER COUNTER"
Sanremo,134,10102250,ANTISTRAPPO ANTI STRAP  CABLE GRAND
Sanremo,Spare,parts,Ed. 07/200913
Sanremo,135,10102249,ESAG. PG.21 EXAGONAL LOCKNUT 
Sanremo,136,10805872,TC+ M4X6 ZN SCREW TC+ M4X6 ZN
Sanremo,137,10111015,169° A RIARMO MANUALE THERMOSTAT 169°
Sanremo,138,10105030,IN GOMMA RUBBER CABLE GRAND
Sanremo,139,10853085,"ESAGONALE 1/8"" HEXAGONAL  NUT 1/8"""
Sanremo,140,10852200,PIANA ZN PLANE WASHER
Sanremo,141,10552015,DOPPIA SCALA ROMA DOBLE SCALE PRESSURE GAUGE
Sanremo,142,10002021,CAPILLARE PRESS. POMPA PUMP PRESSURE CAPILLARY  TUBE 
Sanremo,143,10002028,CAPILLARE PRESS. CALDAIA L340 BOILER PRESSURE CAPILLARY TUBE  L340
Sanremo,144,10852464,"TRAZ.1/4F90°-3/8""F L.2000 TRACTION TUBE 1/4 F 90° 3/8F L2000"
Sanremo,145a,10554042,LAMPADA SPOT RM2 L1150 ROSSO R.15 OHM RED SPOT LAMP CABLE L1150 R.15 OHM
Sanremo,145b,10554046,LAMPADA SPOT RM3 ROSSO R.27 OHM RED SPOT LAMP CABLE L.760 R.27 OHM
Sanremo,145c,10554050,LAMPADA SPOT RM3 ROSSO R.27 OHM RED SPOT LAMP CABLE L.460 R.28 OHM
Sanremo,146,10852520,"RIDUZ.IONE 1/4""M - 1/8""F 2530RIDUCTION 1/4M - 1/8F"
Sanremo,147,10002026,CAPILLARE PRESS.CALDAIA L820 BOILER PRESSURE CAPILLARY TUBE  L820
Sanremo,148,10853223,RACC. T 1/8 M/M//F 2050 JOINT 1/8 M/M/F 
Sanremo,149,10852293,"RACC. DRITTO 8-3/8""M 1050 STRAIGHT  JOINT 8-3/8M"
Sanremo,150a,10401990,H2O COMPL.RM ACQUA MISCELATA 230V COMPLETE MIXED WATER TAP 230V
Sanremo,150b,10401992,H2O COMPL.RM ACQUA MISCELATA 120V COMPLETE MIXED WATER TAP 120V
Sanremo,151,10852290A,"10-3/8""M 1050 JOINT 10-3/8""M"
Sanremo,152a,10252070A,PA1504 1-2GR PUMP 1-2GR
Sanremo,152b,10252072A,PA204 2-3GR PUMP 2-3GR
Sanremo,153a,10252038,MOTORE 150W MOTOR CONDENSER  150W
Sanremo,153b,10252040,MOTORE 165W MOTOR CONDENSER  165W
Sanremo,154a,10252079A,EL.150W 120V 1-2GR ELECTICAL MOTOR 150W 120V 1-2GR
Sanremo,154b,10252080A,EL.150W 230V 1-2GR ELECTICAL MOTOR 230W 230V 1-2GR
Sanremo,154c,10252086,EL.165W 230V 2-3GR ELECTICAL MOTOR 165W 230V 2-3GR
Sanremo,Spare,parts,Ed. 07/200914
Sanremo,155,10805562,D4x16x1.5 PIANA ZN PLANE WASHER D4x16x1.5 
Sanremo,156,10255022,PUFFER A10X10 M4 SHOCK ABSORBER PUFFER A10X10 M4
Sanremo,157,10805512,4MA MEDIO ZN MIDDLE NUT 4MA
Sanremo,158a,10102190,"ALIMEN. 3X2,5 MONOFASE MONOFASE POWER SUPPY CABLE 3X2,5"
Sanremo,158b,10102191,"ALIMEN. 5X2,5 TRIFASE TRIFASE POWER SUPPY CABLE 5X2,5"
Sanremo,158c,10102193,ALIMEN. 3X4 POWER SUPPY CABLE 3X4
Sanremo,158d,10102196,3x12AWG SJOOW CABLE 3x12AWG SJOOW
Sanremo,158e,10102197,3x14AWG SJOOW CABLE 3x14AWG SJOOW
Sanremo,159a,10122036A,MONOFASE MONOFASE SWITCH 
Sanremo,159b,10122038A,TRIFASE TRIFASE SWITCH
Sanremo,160,10955015,TRIANG.TENSIONE VOLTAGE STICKER
Sanremo,161,10105180,2 VIE M. 2 WAY BLOCK
Sanremo,162a,10553021,ARANCIO D6 230V CABLATA WIRED INDICATOR LIGHT D6 230V ORANGE
Sanremo,162b,10553024,ARANCIO D6 120V CABLATA WIRED  INDICATOR LIGHT D6 120V ORANGE
Sanremo,163,10809019,TBEI M3X8 BRUNITE SCREW TBEI M3X8
Sanremo,164,10092160A,COMMUTATORE ROMA SWITCH KNOB
Sanremo,165,10805142,TC+ M3X25 TRUC.ZN NERA SCREW TC+ M3X25 TRUC.ZN NERA
Sanremo,166,10111010,90° AUTOMATICO AUTOMATIC THERMOSTAT 90°
Sanremo,167a,10455046,SCALDAT. ROMA 2GR 230V D.6 CUP WARMER ELECTRICAL RESISTENCE 2GR 230V D6
Sanremo,167b,10455048,SCALDAT. ROMA 3GR 230V D.6 CUP WARMER ELECTRICAL RESISTENCE 3GR 230V D6
Sanremo,168,10852050A,"8-1/8""M 1050 JOINT 8-1/8M"
Sanremo,169,10402059,"RUB.SCARICO 1/8""F 2839 DRAIN TAP 1/8""F"
Sanremo,170,10402060,RUB.SCARICO CALDAIA BOILER DRAIN TAP KNOB 
Sanremo,171,10853058,"RACC.DRIT. PORTAGOMMA 6-1/8""M 1510 STRAIGHT JOINT  6-1/8M"
Sanremo,172,10905010,SILICONE 7X4 SILICON TUBE 7X4
Sanremo,173,10805318,TE M5X20 C/FLANG. ZN FLANGED SCREW TE M5X20 ZN
Sanremo,174,10051138,"SUPERIORE TCS 3/8""F 1/4""F F1/4"" SONDA SUPERIOR TCS BOILER  3/8f 1/4F PROBE"
Sanremo,Spare,parts,Ed. 07/200915
Sanremo,175,10455014,1000W 230V RAME CALD.TCS TCS BOILER COPPER ELECTRICAL RESISTENCE 1000W 230V
Sanremo,176,10505080,3281 VITON NERO BLACK VITON O-RING 3281
Sanremo,177,10505082,"D9X2,2 SILICONE SILICON O-RING D9X2,2"
Sanremo,178,10051108,"INFERIORE TCS 1/4""F F.RESIS.F.M4 TCS LOWER BOILER 1/4""F HOLEELECTRICAL  RESISTENCE "
Sanremo,179,10805592,"M10X1 ES13X4,5 FE ZN NUT M10X1 HEXAGONAL 13X4,5"
Sanremo,180,10805532,5MA FLANG.ZIGR. A2 FLANGED NUT 5MA
Sanremo,181,10105310,"6,3 MASCHIO A 120° FASTON 6,3 M 120°"
Sanremo,182,10803520,"D5,3 DENT.ZN TOOTHED WASHER D5,3 "
Sanremo,183,10051128,COMPL.TCS SX C/FORO NTC 1000W 230V LEFT COMPLETE TCS BOILER WITH HOLE NTC 1000W 230V
Sanremo,184,10051132,CALDAIA TCS SX C/NTC 1000W 230V LEFT TCS BOILER ASSEMBLY  WITH HOLE NTC 1000W 230V
Sanremo,185,10051126,COMPL.TCS DX C/FORO NTC 1000W 230V RIGHT  COMPLETE TCS BOILER WITH HOLE NTC 1000W 230V
Sanremo,186,10051130,CALDAIA TCS DX C/NTC 1000W 230V RIGHT TCS BOILER ASSEMBLY  WITH HOLE NTC 1000W 230V
Sanremo,187,10042042,CALDAIA TCS D.8 TCS BOILER INJECTOR D8
Sanremo,188,10852180,"RAME 1/4"" COPPER WASHER 1/4"
Sanremo,189,10852240A,"6-1/4""S.C.RACC.GIREVEVOLE 1170 SWIVEL FITTING 6-1/4 "
Sanremo,190,10111049,135° A RIARMO THERMOSTAT 135° 
Sanremo,191,10853226,SCAMB.SUP.PISA 3/8X3/8 SUPERIOR MIXED FITTING 3/8X3/8
Sanremo,192,10852292,"DR.3/8""M 1/4""M CORTO  SHORT STRAIGHT FITTING 3/8M"
Sanremo,193,10106060,OTT.COLLEG.RESISTENZA ELECRTICAL RESISTENCE JUNCTION 
Sanremo,194a,10455052,2700W 230V RAME COPPER ELECTRICAL RESISTENCE 2700W 230V
Sanremo,194b,10455053,2700W 120V RAME COPPER ELECTRICAL RESISTENCE 2700W 120V
Sanremo,195,10502020,PTFE PER RESIST. PTFE ELECTICAL RESISTENCE WASHER 
Sanremo,196,10852092,"RIDUZ.IONE 3/8""M - 1/4""F 2530 REDUCTION 3/8M- 1/4F"
Sanremo,197,10852250A,"6-1/4""M 1020 FITTING 6-1/4M"
Sanremo,198,10852065A,"6-1/4""F 1093 FITTING 6-1/4F"
Sanremo,199,10652040A,DI SFIATO CALDAIA BOILER ANTI VACUUM VALVE
Sanremo,Spare,parts,Ed. 07/200916
Sanremo,200,10112064,LIVELLO 120mm LEVEL PROBE 120mm
Sanremo,201,10652012,SICUREZZA SAFETY VALVE
Sanremo,202,10806324,"3/8"" RAME COPPER WASHER 3/8"
Sanremo,203,10022480,SCAR. VALVOLA DI SICUR. SAFETY VALVE DRAIN  BOX
Sanremo,204,10112178,DI TEMP. TEMPERATURE PROBE
Sanremo,205a,10002636A,2GR D.180 BOILER 2GR D180
Sanremo,205b,10002637A,3GR D.180 BOILER 3GR D180
Sanremo,206,10852540,"1/4""M TAPPO 2611 CAP 1/4M"
Sanremo,207,10855032B,"8-1/4""M 1050 FITTING 8-1/4M"
Sanremo,208,10002614,VAPORE SX ROMA 2-3GR LEFT STEAM TUBE 2-3GR
Sanremo,209,10002618,USCITA ACQUA ROMA 2-3GR DRAIN WATER TUBE 2-3GR
Sanremo,210,10002616,VAPORE DX ROMA 2-3GR RIGHT STEAM TUBE 2-3GR
Sanremo,211a,10002610,CARICO CAL.ROMA 2GR BOILER LOADED TUBE 2GR
Sanremo,211b,10002960,CARICO CAL.ROMA 3GR BOILER LOADED TUBE 2GR
Sanremo,212,10002622,ALIMENT.2°GR RM 2GR 3°GR RM3GR SED EXCHANGED WATER 2°-3°GR 3GR SED
Sanremo,213,10002516,SCAMB.SUP.SX TCS ROMA LEFT SUPERIOR EXCHARGED TUBE TCS
Sanremo,214,10002514A,SCAMB.INF.SX TCS ROMA LEFT LOWER  EXCHARGED TUBE TCS
Sanremo,215,10002510A,SCAMB.SUP.DX TCS ROMA RIGHT SUPERIOR  EXCHARGED TUBE TCS
Sanremo,216,10002512A,SCAMB.INF.DX TCS ROMA RIGHT LOWER  EXCHARGED TUBE TCS
Sanremo,217,10002620,ALIMENT.1°GR RM 2GR 2°GR RM 3GR SED EXCHANGED WATER 1°GR 2GR 2°GR 3GR SED
Sanremo,218a,10002612,SCARICO CAL.ROMA 2GR BOILER DRAIN TUBE 2GR
Sanremo,218b,10002962,SCARICO CAL.ROMA 3GR BOILER DRAIN TUBE 3GR
Sanremo,219,10002626,PONTE SCAMB. ROMA 2-3GR EXCHABGED FLOW METER TUBE 2-3GR
Sanremo,220a,10002498,PONTE 1-2° VOL.RM 2GR SED 1°-2° FLOW METER TUBE  2GR SED
Sanremo,220b,10002968,PONTE 1-2° VOL.RM 3GR SED 1°-2° FLOW METER TUBE  3GR SED
Sanremo,221,10002624A,ALIMEN.VOLUM.ROMA 2-3GR SED FOLW METER  WATER INLET TUBE 2-3GR SED
Sanremo,Spare,parts,Ed. 07/200917
Sanremo,222,10112173,DE LUXE  X RELE' DE LUXE ELECTRONIC BOARD FOR RELAY
Sanremo,223,10112218,RELE' STATICO STATIC RELAY COVER
Sanremo,224,10805114,TC+ SW M5X12 ZN SCREW TC+ SW M5X12 ZN
Sanremo,225,10112216A,STATICO STATIC RELAY
Sanremo,226,10112044,GRANDE BOG DISPLAY
Sanremo,227,10805054,TC+ M3X10 A2 SCREW TC+ M3X10 A2
Sanremo,228,10031040,DISPLAY GRANDE BIG DISPLAY GLASS
Sanremo,229,10554012A,SPOT LED SPOT LED LAMP
Sanremo,230,10112166,ROMA 6 TASTI SED 6 KEY PUSHBUTTON 
Sanremo,231,10112168,PIDBULL ROMA PIDBULL PUSHBUTTON 
Sanremo,232,10031014,POST.DISPLAY DISPLAY REAR BOX
Sanremo,233,10805128,TC+ M3X30 A2 SCREW TC+ M3X30 A2
Sanremo,234a,10112079,PIN TO PIN 800mm PIN TO PIN CABLE 800mm
Sanremo,234b,10112067,PIN TO PIN 1100mm PIN TO PIN CABLE 1100mm
Sanremo,234c,10112096,PIN TO PIN 1400mm PIN TO PIN CABLE 1400mm
Sanremo,235a,10554040,LAMPADA SPOT RM2 L790 NERO BLACK SPOT LAMP CABLE 2GR
Sanremo,235b,10554044,LAMPADA SPOT RM3 NERO BLACK SPOT LAMP CABLE 3GR
Sanremo,235c,10554048,LAMPADA SPOT RM3 NERO BLACK SPOT LAMP CABLE 3GR
Sanremo,236,10112106,PIN TO PIN 1100mm AMP PIN TO PIN CABLE 1100mm AMP
Sanremo,237,10112109,PIN TO PIN 320mm AMP PIN TO PIN CABLE 320mm AMP
Sanremo,238,10553090,BOMB.NERO SER.LAMPADINA BLACK ROUNDED BUTTON  WHIT LAMP SERIGRAPHY 
Sanremo,239,10553086,BOMB.NERO SER.TAZZA BLACK ROUNDED BUTTON  WHIT CUP SERIGRAPHY 
Sanremo,240,10553088,"BOMB.NERO SER. RESIST. ""BLACK ROUNDED BUTTON  WHIT RESISTANCE  SERIGRAPHY"""
Sanremo,241,10553078,D.16 NERO ANTIROTAZ. ANTI ROTARY SUPPORT D16
Sanremo,242,10553080,BIP.CM BIP SWITCH 
Sanremo,243,10509016,PER MOD. ROMA FILTER 
Sanremo,Spare,parts,Ed. 07/200918
Sanremo,244,10112196,PROL.SONDA DI TEMP.700MM TEMPERATURE PROBE EXTENSION CABLE
Sanremo,245,10112182,PIDBULL RITARDATA PIDBULL LATE ELECTRONIC BOARD
Sanremo,246,10203080,TC+ M4x30 ZN SCREW TC+ M4x30 ZN
Sanremo,247,10805084,TC+ M4X10 ZN SCREW TC+ M4X10 ZN
Sanremo,248a,10102440A,ROMA 2GR SED C/FILTRO WIRING WITH FILTER 2GR
Sanremo,248b,10102442,ROMA 3GR SED C/FILTRO WIRING WITH FILTER 3GR
Sanremo,249,10052064,PER VASCHETTA DI SCARICO DRAIN BOX TOP 
Sanremo,250,10809012,6MA FLANG.ZIGR.ZN FLANGED NUT 6MA
Sanremo,251,10803536,"D6,2 DENT.ZN TOOTHED WASHER D6,2"
Sanremo,252,10402058,POGGIATAZZE BIANCA WHITE GRID CUP
Sanremo,253a,10952051A,ALL.SAN REMO 230V SANREMO LABEL 230V
Sanremo,253b,10952052A,ALL.SAN REMO 400V SANREMO LABEL 400V
Sanremo,254,10805950,D3x6 RIVET D3X6
Sanremo,255a,10002628,ALIM. SCAMB. ROMA 2GR INLET EXCHANGED TUBE 2GR
Sanremo,255b,10002966,ALIM. SCAMB. ROMA 3GR INLET EXCHANGED TUBE 3GR
Sanremo,256,10852780,"T 1/8"" M/F/M FITTING 1/8 M/F/M"
Sanremo,257,10554084,LED ROMA SUP. 230V 5+5LED + RES. SUPERIOR LED LAMP 230V 5+5 LED +RESISTENCE
Sanremo,258,10554086,LED ROMA SUP. 230V 3+3LED + RES. SUPERIOR LED LAMP 230V 3+3 LED +RESISTENCE
Sanremo,259,10554090A,230V LAMPADE LED  LED LAMP POWER SUPPLY 230V
Sanremo,260,10352058,PER POMPA ESTERNA EXTERNAL PUMP FOOT
Sanremo,261a,10252087,EL.ESTERNO 300W 230V 1-2GR EXTERNAL ELECTIRCAL MOTOR 300W 230V 1-2GR
Sanremo,261b,10252089,EL.ESTERNO 187W 230V 2-3GR EXTERNAL ELECTIRCAL MOTOR 187W 230V 2-3GR
Sanremo,262,10112198,ALIMENTAZIONE RELE' ROMA REALY CAMPLE SUPPLY
Sanremo,263,10853210,"L RAPIDO 4-1/8""M RAPID FITTING 4-1/8M"
Sanremo,264,10852004,DI FLUSSO REDUCING FLOW 
Sanremo,265,10402232,VAPORE ELETTRONICA ELECTRONIC STEAM WAND
Sanremo,Spare,parts,Ed. 07/200919
Sanremo,266,10402035,FISSA MANOPOLA LANCIA ELE. ELECTRONIC WAND KNOB FITTING
Sanremo,267,10015642A,LANCIA ELE. ELECTRONIC WAND SUPPORT
Sanremo,268,10805177,TBL- M4X6 A2 SCREW TBL- M4X6 A2
Sanremo,269,10853215,"T 1/8"" M/F/F FITTING 1/8 M/F/F"
Sanremo,270,10303010A,1/8 2VIE 230V 2 WAY SOLENOID VALVE 230V
Sanremo,271,10853204,"DRITTO RAPIDO 4-1/8""M RAPID STRAIGHT FITTING 4-1/8M"
Sanremo,272,10909010,"TEFLON D.4X2,5 TEFLON TUBE D4X2,5"
Sanremo,273,10015652,SUPPORTO EV TSS TSS SOLENOID VALVE SUPPORT
Sanremo,274,10112186,ESPANSIONE RELE' REALY EXAPNSION ELECTRICAL BOX 
Sanremo,275,10002544,COLLEG. LANCIA TS RM 2-3 C/EV LAVAGGIO CONNECTION TUBE BETWEEN  TS WAND AND WASH SOLE-
Sanremo,276,10002546,COLLEG. LANCIA TS RM 2-3 C/EV VAPORE CONNECTION TUBE BETWEEN  TS WAND AND STEAM SOLE-NOID VALVE 
Sanremo,277,10002548,VAPORE DX ROMA 2-3GR LANCIA TS WAND TS RIGHT STEAM TUBE 2-3GR
Sanremo,278,10002549,PRELIEVO ACQUA RM 2-3 X LANCIA TS WAND TS WATER  TUBE 2-3GR
Sanremo,279,10801032,TSPEI M5X12 ZN SCREW TSPEI M5X12 ZN
Sanremo,280,10805038,TSPEI M3X6 A2 SCREW  TSPEI M3X6 A2
Sanremo,281,10102376,AGG. LANCIA ELE. ROMA 2 ELECTRICAL WAND WIRING
Sanremo,282,10852530A,"10-3/8""M 1020 FITTING 10-3/8M"
Sanremo,283,10852280A,"8-3/8""M 1020 FITTING 8-3/8M"
Sanremo,284,10852450,TRAZ. 3/8 FD FD L=2000 TRACTION TUBE 3/8 FD FD L2000
Sanremo,285,10355036,RINFORZO MANOPOLA COMM. RM KNOB REINFORCEMENT BOWL
Sanremo,286,10102595A,COLLEG. MACCHINA / POMPA ESTERNA PUMP TO MACHINE CONNECTION WIRING
Sanremo,287a,10102620A,COLLEG. MOTORE POMPA EST. 2GR PUMP TO MOTOR 2GR CONNECTION WIRING
Sanremo,287b,10102630A,COLLEG. MOTORE POMPA EST. 3GR PUMP TO MOTOR 3GR CONNECTION WIRING
Sanremo,288,10252012,"0,1UFX2 CONDENSER 0,1UFX2"
